Geneid,logFC,AveExpr,t,P.Value,adj.P.Val,B,Gene_base
ENSG00000234857.2,-0.191300607956744,1.42086251378374,-2.07098501429886,0.0482202416105675,0.598913205644962,-3.77029422357191,ENSG00000234857
ENSG00000178922.16,-0.235621070301823,2.60250097389642,-2.04302676151909,0.0511027248271149,0.598913205644962,-3.80896819559347,ENSG00000178922
ENSG00000105583.9,-0.116838958284276,4.53748086627324,-1.86355390260371,0.0734914112986577,0.618456163749576,-4.0486852725092,ENSG00000105583
ENSG00000237651.6,0.260156948680162,1.12086939274616,1.47836851631069,0.151087159946837,0.681902431455092,-4.50747728622967,ENSG00000237651
ENSG00000015568.12,-0.175015821970361,3.27103677621142,-1.43827267114187,0.162052083515525,0.688205478837365,-4.55041673359263,ENSG00000015568
ENSG00000204172.12,-0.158216483813741,2.41254812931743,-1.21581340728054,0.234766451851376,0.726686308785504,-4.77056656368671,ENSG00000204172
ENSG00000215126.10,-0.0277529669133953,2.26484086734006,-0.262964926969497,0.794609517633598,0.946584765151845,-5.31985294753622,ENSG00000215126
ENSG00000099977.13,0.0155147237551173,3.46448861655505,0.140492509402408,0.889332360360261,0.975827784233943,-5.33975901400173,ENSG00000099977
ENSG00000104888.9,-0.0096831859276792,1.46451108504619,-0.0767718817866349,0.939381193912552,0.990144034152675,-5.34534436040078,ENSG00000104888
ENSG00000164082.14,-0.0133581613869098,0.980634525850841,-0.0724087405605576,0.942819883993543,0.990683983640177,-5.34560704714174,ENSG00000164082
ENSG00000145029.11,0.0004791374130471,3.67386927494327,0.0066278600579315,0.994761370148222,0.998530256130304,-5.34770556620818,ENSG00000145029
