Gene,logFC,P.Value,adj.P.Val,HGNC,Entrez,description,Gene_clean
ENSG00000142684,2.61654110349755,6.92222401450122e-16,9.69319028750605e-12,ZNF593,51042.0,zinc finger protein 593 [Source:HGNC Symbol;Acc:HGNC:30943],ENSG00000142684
ENSG00000105583,3.93558992705428,4.580033472893041e-15,3.20671043604606e-11,WDR83OS,51398.0,WD repeat domain 83 opposite strand [Source:HGNC Symbol;Acc:HGNC:30203],ENSG00000105583
ENSG00000011052,3.41137200189644,2.0693261579574802e-14,9.658924729959529e-11,NME1-NME2,654364.0,NME1-NME2 readthrough [Source:HGNC Symbol;Acc:HGNC:33531],ENSG00000011052
ENSG00000255633,2.96962663871455,3.13019599932748e-13,1.09580336446457e-09,MTRNR2L9,,Plays a role as a neuroprotective and antiapoptotic factor.,ENSG00000255633
ENSG00000148671,3.72960344631995,6.749016336093809e-13,1.89012951508643e-09,ADIRF,10974.0,adipogenesis regulatory factor [Source:HGNC Symbol;Acc:HGNC:24043],ENSG00000148671
ENSG00000213402,2.33772226884351,8.224860750137459e-13,1.91954541806958e-09,PTPRCAP,5790.0,protein tyrosine phosphatase receptor type C associated protein [Source:HGNC Symbol;Acc:HGNC:9667],ENSG00000213402
ENSG00000213689,2.87108116945514,3.4954662328626297e-12,6.9924305226822e-09,TREX1,11277.0,three prime repair exonuclease 1 [Source:HGNC Symbol;Acc:HGNC:12269],ENSG00000213689
ENSG00000187664,1.46426523073519,4.659819412958439e-11,8.15643140495713e-08,HAPLN4,404037.0,hyaluronan and proteoglycan link protein 4 [Source:HGNC Symbol;Acc:HGNC:31357],ENSG00000187664
ENSG00000145029,3.17930760263831,1.80091189736845e-10,2.80201881098337e-07,NICN1,84276.0,nicolin 1 [Source:HGNC Symbol;Acc:HGNC:18317],ENSG00000145029
ENSG00000213588,2.60836231178387,3.83249891166042e-10,5.36664822599809e-07,ZBTB9,221504.0,zinc finger and BTB domain containing 9 [Source:HGNC Symbol;Acc:HGNC:28323],ENSG00000213588
ENSG00000139574,2.67570853849711,1.03470695421506e-09,1.31718195271577e-06,NPFF,8620.0,neuropeptide FF-amide peptide precursor [Source:HGNC Symbol;Acc:HGNC:7901],ENSG00000139574
ENSG00000215472,2.20339177005211,2.4613067601145402e-09,2.87213988015699e-06,RPL17-C18orf32,100526842.0,RPL17-C18orf32 readthrough [Source:HGNC Symbol;Acc:HGNC:44661],ENSG00000215472
ENSG00000151079,3.50448179184646,4.54356520729617e-09,4.89411873828987e-06,KCNA6,3742.0,potassium voltage-gated channel subfamily A member 6 [Source:HGNC Symbol;Acc:HGNC:6225],ENSG00000151079
ENSG00000015568,1.90336766338475,3.83625107760621e-08,3.70260069533661e-05,RGPD5,84220.0,RANBP2 like and GRIP domain containing 5 [Source:HGNC Symbol;Acc:HGNC:32418],ENSG00000015568
ENSG00000264058,1.82325119344916,3.96622226880306e-08,3.70260069533661e-05,KRT222,,Total amyloid (SNP x SNP interaction) by GWAS CATALOG,ENSG00000264058
ENSG00000178922,1.96704918817378,8.38030402094061e-08,7.21243289533798e-05,HYI,81888.0,hydroxypyruvate isomerase (putative) [Source:HGNC Symbol;Acc:HGNC:26948],ENSG00000178922
ENSG00000215126,1.53719241588264,8.7560779276402e-08,7.21243289533798e-05,CBWD6,644019.0,COBW domain containing 6 [Source:HGNC Symbol;Acc:HGNC:31978],ENSG00000215126
ENSG00000177291,0.945106437882796,1.64386234946298e-07,0.0001278833582196,GJD4,219770.0,gap junction protein delta 4 [Source:HGNC Symbol;Acc:HGNC:23296],ENSG00000177291
ENSG00000254772,4.336922364756,2.92711175165923e-07,0.0002157281360972,EEF1G,1937.0,eukaryotic translation elongation factor 1 gamma [Source:HGNC Symbol;Acc:HGNC:3213],ENSG00000254772
ENSG00000115194,1.96210872075345,3.30800303592409e-07,0.0002316098325602,SLC30A3,7781.0,solute carrier family 30 member 3 [Source:HGNC Symbol;Acc:HGNC:11014],ENSG00000115194
ENSG00000183260,1.22234485877341,3.7342465521019e-07,0.0002441877014911,ABHD16B,140701.0,abhydrolase domain containing 16B [Source:HGNC Symbol;Acc:HGNC:16128],ENSG00000183260
ENSG00000187094,1.53639426695293,3.83641322059873e-07,0.0002441877014911,CCK,885.0,cholecystokinin [Source:HGNC Symbol;Acc:HGNC:1569],ENSG00000187094
ENSG00000237651,1.24994185868612,4.9165709325279e-07,0.0002993336642095,C2orf74,339804.0,chromosome 2 open reading frame 74 [Source:HGNC Symbol;Acc:HGNC:34439],ENSG00000237651
ENSG00000254402,2.02763261836107,7.74938303660744e-07,0.00045214421109,LRRC24,441381.0,leucine rich repeat containing 24 [Source:HGNC Symbol;Acc:HGNC:28947],ENSG00000254402
ENSG00000104888,2.80073092387846,9.82777299370084e-07,0.0005504732209231,SLC17A7,57030.0,solute carrier family 17 member 7 [Source:HGNC Symbol;Acc:HGNC:16704],ENSG00000104888
ENSG00000176020,0.933760092350628,1.33304330704955e-06,0.000717946362639,AMIGO3,386724.0,adhesion molecule with Ig like domain 3 [Source:HGNC Symbol;Acc:HGNC:24075],ENSG00000176020
ENSG00000011083,1.05629722316151,1.59363437370042e-06,0.0008265060049972,SLC6A7,6534.0,solute carrier family 6 member 7 [Source:HGNC Symbol;Acc:HGNC:11054],ENSG00000011083
ENSG00000171532,1.14668892916225,2.03028493172642e-06,0.0010153599963916,NEUROD2,4761.0,neuronal differentiation 2 [Source:HGNC Symbol;Acc:HGNC:7763],ENSG00000171532
ENSG00000204172,1.41367236239734,2.22201677796778e-06,0.0010729276186856,AGAP9,642517.0,"ArfGAP with GTPase domain, ankyrin repeat and PH domain 9 [Source:HGNC Symbol;Acc:HGNC:23463]",ENSG00000204172
ENSG00000234857,3.51530857145556,2.54570804708573e-06,0.0011882516594447,HNRNPUL2,,Nonsense-mediated mRNA decay (NMD) Candidate alsorare movement disorders,ENSG00000234857
ENSG00000270181,2.84251617313967,5.072584871632e-06,0.0022333182486158,BIVM-ERCC5,100533467.0,BIVM-ERCC5 readthrough [Source:HGNC Symbol;Acc:HGNC:43690],ENSG00000270181
ENSG00000186891,0.930835882337993,5.25769324253974e-06,0.0022333182486158,TNFRSF18,8784.0,TNF receptor superfamily member 18 [Source:HGNC Symbol;Acc:HGNC:11914],ENSG00000186891
ENSG00000162992,1.49192358400472,5.26312234552053e-06,0.0022333182486158,NEUROD1,4760.0,neuronal differentiation 1 [Source:HGNC Symbol;Acc:HGNC:7762],ENSG00000162992
ENSG00000270800,2.58840906148418,8.31799740415065e-06,0.0034257916955976,RPS10-NUDT3,100529239.0,RPS10-NUDT3 readthrough [Source:HGNC Symbol;Acc:HGNC:49181],ENSG00000270800
ENSG00000260238,1.71793205002515,8.85492441955388e-06,0.0035427287613432,PMF1-BGLAP,100527963.0,PMF1-BGLAP readthrough [Source:HGNC Symbol;Acc:HGNC:42953],ENSG00000260238
ENSG00000099977,1.68740219697625,1.28504599178256e-05,0.0049984719508142,DDT,1652.0,D-dopachrome tautomerase [Source:HGNC Symbol;Acc:HGNC:2732],ENSG00000099977
ENSG00000164600,1.81263528236765,1.73871977197355e-05,0.0065803494505258,NEUROD6,63974.0,neuronal differentiation 6 [Source:HGNC Symbol;Acc:HGNC:13804],ENSG00000164600
ENSG00000164082,0.519947310038051,1.94019077689485e-05,0.0071496030128575,GRM2,2912.0,glutamate metabotropic receptor 2 [Source:HGNC Symbol;Acc:HGNC:4594],ENSG00000164082
ENSG00000136535,2.11870233689947,2.52660325849546e-05,0.0089260066310337,TBR1,10716.0,T-box brain transcription factor 1 [Source:HGNC Symbol;Acc:HGNC:11590],ENSG00000136535
ENSG00000166947,1.19008729589035,2.54974123574485e-05,0.0089260066310337,EPB42,2038.0,erythrocyte membrane protein band 4.2 [Source:HGNC Symbol;Acc:HGNC:3381],ENSG00000166947
ENSG00000125931,1.07097542856338,2.71386542820612e-05,0.0092688433149195,CITED1,4435.0,Cbp/p300 interacting transactivator with Glu/Asp rich carboxy-terminal domain 1 [Source:HGNC Symbol;Acc:HGNC:1986],ENSG00000125931
ENSG00000141668,1.04949117633898,2.80661948165307e-05,0.0093574030003781,CBLN2,147381.0,cerebellin 2 precursor [Source:HGNC Symbol;Acc:HGNC:1544],ENSG00000141668
