,PC1,PC2,Group
011_PD,-84.69024468323707,-44.88722431981507,PD
012_PD,124.44118163779554,-32.10169252831818,PD
015_PD,-4.738681617792996,-16.61117455310781,PD
016_PD,49.0051200622459,-9.348765044322993,PD
022_PD,75.071603378944,-4.935544986547009,PD
024_PD,-23.94709587890945,-6.489563576771135,PD
028_PD,65.68870978505399,-11.163092180346892,PD
031_PD,87.24822810307025,16.645407072898596,PD
045_PD,24.734301269530068,22.47365624821738,PD
049_PD,-30.907336464807145,11.505551837436581,PD
050_PD,-23.858630903260973,29.594067812212856,PD
051_PD,19.011525272831257,22.42366844406945,PD
021_CC,-48.250718782540986,4.968097793258669,Control
023_CC,-14.952987357067641,-11.955056464456694,Control
025_CC,-17.56007584269342,4.065014727773807,Control
026_CC,3.5707650309526526,13.319677996130746,Control
027_CC,-32.034381664389485,29.84047748804535,Control
029_CC,-26.163857486665897,55.36158760534834,Control
030_CC,-7.067559715329943,5.456952601224305,Control
036_CC,-68.4736050556182,-32.159032443830164,Control
038_CC,-81.593105967912,-23.855097917755568,Control
039_CC,-70.7463367569773,-13.308048289703962,Control
040_CC,42.9874905792006,-26.470092482966088,Control
041_CC,48.454740837142495,-14.890225001479855,Control
043_CC,44.72471041900134,11.301303115106814,Control
047_CC,-49.95375819856569,21.219147047698556,Control
